ticker_and_date,ticker,report_year,ticker_fold,yoy_close_category,label
ACES_2021,ACES,2021,0,rendah,0
ACES_2022,ACES,2022,0,rendah,0
ACES_2023,ACES,2023,0,tinggi,2
APLN_2021,APLN,2021,0,rendah,0
APLN_2022,APLN,2022,0,tinggi,2
APLN_2023,APLN,2023,0,rendah,0
ASII_2021,ASII,2021,0,tinggi,2
ASII_2022,ASII,2022,0,netral,1
ASII_2023,ASII,2023,0,rendah,0
BLUE_2022,BLUE,2022,0,tinggi,2
BLUE_2023,BLUE,2023,0,netral,1
BOLA_2021,BOLA,2021,0,netral,1
BOLA_2022,BOLA,2022,0,rendah,0
BOLA_2023,BOLA,2023,0,rendah,0
BRMS_2021,BRMS,2021,0,tinggi,2
BRMS_2022,BRMS,2022,0,rendah,0
BRMS_2023,BRMS,2023,0,netral,1
BRNA_2021,BRNA,2021,0,rendah,0
BRNA_2022,BRNA,2022,0,rendah,0
BRNA_2023,BRNA,2023,0,rendah,0
BRPT_2021,BRPT,2021,0,rendah,0
BRPT_2022,BRPT,2022,0,netral,1
BRPT_2023,BRPT,2023,0,tinggi,2
BUDI_2021,BUDI,2021,0,tinggi,2
BUDI_2022,BUDI,2022,0,netral,1
BUDI_2023,BUDI,2023,0,tinggi,2
BUMI_2021,BUMI,2021,0,tinggi,2
BUMI_2022,BUMI,2022,0,tinggi,2
BUMI_2023,BUMI,2023,0,rendah,0
CANI_2021,CANI,2021,0,rendah,0
CANI_2022,CANI,2022,0,netral,1
CANI_2023,CANI,2023,0,rendah,0
CMPP_2021,CMPP,2021,0,tinggi,2
CMPP_2022,CMPP,2022,0,rendah,0
CMPP_2023,CMPP,2023,0,rendah,0
CSIS_2021,CSIS,2021,0,netral,1
CSIS_2022,CSIS,2022,0,rendah,0
CSIS_2023,CSIS,2023,0,rendah,0
CTBN_2021,CTBN,2021,0,rendah,0
CTBN_2022,CTBN,2022,0,netral,1
CTBN_2023,CTBN,2023,0,rendah,0
DEAL_2021,DEAL,2021,0,rendah,0
DEAL_2022,DEAL,2022,0,netral,1
DIGI_2021,DIGI,2021,0,rendah,0
DIGI_2022,DIGI,2022,0,rendah,0
DIGI_2023,DIGI,2023,0,rendah,0
DLTA_2021,DLTA,2021,0,netral,1
DLTA_2022,DLTA,2022,0,netral,1
DLTA_2023,DLTA,2023,0,rendah,0
DSSA_2021,DSSA,2021,0,tinggi,2
DSSA_2022,DSSA,2022,0,netral,1
DSSA_2023,DSSA,2023,0,tinggi,2
DUTI_2021,DUTI,2021,0,tinggi,2
DUTI_2022,DUTI,2022,0,netral,1
DUTI_2023,DUTI,2023,0,netral,1
EMTK_2021,EMTK,2021,0,rendah,0
EMTK_2022,EMTK,2022,0,rendah,0
EMTK_2023,EMTK,2023,0,rendah,0
ETWA_2021,ETWA,2021,0,netral,1
ETWA_2022,ETWA,2022,0,tinggi,2
FMII_2021,FMII,2021,0,rendah,0
FMII_2022,FMII,2022,0,tinggi,2
FMII_2023,FMII,2023,0,rendah,0
GGRP_2022,GGRP,2022,0,rendah,0
GGRP_2023,GGRP,2023,0,netral,1
HOTL_2021,HOTL,2021,0,netral,1
HOTL_2022,HOTL,2022,0,netral,1
HOTL_2023,HOTL,2023,0,netral,1
INDR_2021,INDR,2021,0,tinggi,2
INDR_2022,INDR,2022,0,rendah,0
INDR_2023,INDR,2023,0,rendah,0
INRU_2021,INRU,2021,0,rendah,0
INRU_2022,INRU,2022,0,tinggi,2
INRU_2023,INRU,2023,0,rendah,0
INTD_2021,INTD,2021,0,netral,1
INTD_2022,INTD,2022,0,rendah,0
INTD_2023,INTD,2023,0,rendah,0
ITIC_2022,ITIC,2022,0,netral,1
ITIC_2023,ITIC,2023,0,netral,1
KARW_2021,KARW,2021,0,netral,1
KARW_2022,KARW,2022,0,rendah,0
KARW_2023,KARW,2023,0,tinggi,2
KEJU_2022,KEJU,2022,0,netral,1
KEJU_2023,KEJU,2023,0,netral,1
KIOS_2023,KIOS,2023,0,rendah,0
KJEN_2022,KJEN,2022,0,rendah,0
KJEN_2023,KJEN,2023,0,rendah,0
LCKM_2023,LCKM,2023,0,netral,1
LEAD_2021,LEAD,2021,0,tinggi,2
LEAD_2022,LEAD,2022,0,rendah,0
LEAD_2023,LEAD,2023,0,tinggi,2
LMSH_2021,LMSH,2021,0,tinggi,2
LMSH_2022,LMSH,2022,0,rendah,0
LMSH_2023,LMSH,2023,0,rendah,0
LSIP_2021,LSIP,2021,0,tinggi,2
LSIP_2022,LSIP,2022,0,rendah,0
LSIP_2023,LSIP,2023,0,rendah,0
MAPA_2021,MAPA,2021,0,tinggi,2
MAPA_2022,MAPA,2022,0,tinggi,2
MAPA_2023,MAPA,2023,0,tinggi,2
MLPT_2021,MLPT,2021,0,rendah,0
MLPT_2022,MLPT,2022,0,rendah,0
MLPT_2023,MLPT,2023,0,rendah,0
MSIN_2021,MSIN,2021,0,tinggi,2
MSIN_2022,MSIN,2022,0,rendah,0
MSIN_2023,MSIN,2023,0,rendah,0
MTPS_2021,MTPS,2021,0,rendah,0
MTPS_2022,MTPS,2022,0,netral,1
MTPS_2023,MTPS,2023,0,rendah,0
NPGF_2023,NPGF,2023,0,rendah,0
PANR_2021,PANR,2021,0,tinggi,2
PANR_2022,PANR,2022,0,tinggi,2
PANR_2023,PANR,2023,0,rendah,0
PGAS_2021,PGAS,2021,0,tinggi,2
PGAS_2023,PGAS,2023,0,tinggi,2
PTIS_2021,PTIS,2021,0,rendah,0
PTIS_2022,PTIS,2022,0,tinggi,2
PTIS_2023,PTIS,2023,0,rendah,0
RDTX_2021,RDTX,2021,0,netral,1
RDTX_2022,RDTX,2022,0,tinggi,2
RDTX_2023,RDTX,2023,0,tinggi,2
RIGS_2021,RIGS,2021,0,tinggi,2
RIGS_2022,RIGS,2022,0,rendah,0
RIGS_2023,RIGS,2023,0,netral,1
SGER_2023,SGER,2023,0,tinggi,2
SHID_2021,SHID,2021,0,netral,1
SHID_2022,SHID,2022,0,tinggi,2
SHID_2023,SHID,2023,0,rendah,0
SINI_2022,SINI,2022,0,tinggi,2
SINI_2023,SINI,2023,0,rendah,0
SKRN_2021,SKRN,2021,0,tinggi,2
SKRN_2022,SKRN,2022,0,tinggi,2
SKRN_2023,SKRN,2023,0,rendah,0
SMAR_2021,SMAR,2021,0,tinggi,2
SMAR_2022,SMAR,2022,0,netral,1
SMAR_2023,SMAR,2023,0,rendah,0
SMGR_2021,SMGR,2021,0,rendah,0
SMGR_2022,SMGR,2022,0,rendah,0
SMGR_2023,SMGR,2023,0,rendah,0
SOSS_2021,SOSS,2021,0,netral,1
SOSS_2022,SOSS,2022,0,tinggi,2
SOSS_2023,SOSS,2023,0,rendah,0
SOTS_2021,SOTS,2021,0,rendah,0
SOTS_2022,SOTS,2022,0,rendah,0
SOTS_2023,SOTS,2023,0,rendah,0
SPMA_2021,SPMA,2021,0,tinggi,2
SPMA_2022,SPMA,2022,0,rendah,0
SPMA_2023,SPMA,2023,0,rendah,0
TAPG_2023,TAPG,2023,0,netral,1
TCID_2021,TCID,2021,0,netral,1
TCID_2022,TCID,2022,0,tinggi,2
TCID_2023,TCID,2023,0,rendah,0
TDPM_2021,TDPM,2021,0,netral,1
TDPM_2022,TDPM,2022,0,netral,1
TPMA_2021,TPMA,2021,0,rendah,0
TPMA_2022,TPMA,2022,0,tinggi,2
TPMA_2023,TPMA,2023,0,tinggi,2
VICI_2023,VICI,2023,0,tinggi,2
WEGE_2021,WEGE,2021,0,netral,1
WEGE_2023,WEGE,2023,0,rendah,0
WOOD_2021,WOOD,2021,0,rendah,0
WOOD_2022,WOOD,2022,0,rendah,0
WOOD_2023,WOOD,2023,0,rendah,0
AKRA_2021,AKRA,2021,1,tinggi,2
AKRA_2022,AKRA,2022,1,tinggi,2
AKRA_2023,AKRA,2023,1,tinggi,2
ALMI_2021,ALMI,2021,1,tinggi,2
ALMI_2023,ALMI,2023,1,rendah,0
ANDI_2021,ANDI,2021,1,netral,1
ANDI_2022,ANDI,2022,1,netral,1
ANDI_2023,ANDI,2023,1,rendah,0
APII_2021,APII,2021,1,tinggi,2
APII_2022,APII,2022,1,netral,1
APII_2023,APII,2023,1,netral,1
ARGO_2021,ARGO,2021,1,netral,1
ARGO_2023,ARGO,2023,1,tinggi,2
BAJA_2021,BAJA,2021,1,rendah,0
BAJA_2022,BAJA,2022,1,rendah,0
BAJA_2023,BAJA,2023,1,rendah,0
BATA_2021,BATA,2021,1,rendah,0
BATA_2023,BATA,2023,1,rendah,0
BEEF_2021,BEEF,2021,1,rendah,0
BEST_2021,BEST,2021,1,netral,1
BEST_2022,BEST,2022,1,tinggi,2
BEST_2023,BEST,2023,1,rendah,0
BMSR_2021,BMSR,2021,1,tinggi,2
BMSR_2022,BMSR,2022,1,rendah,0
BMSR_2023,BMSR,2023,1,netral,1
BSSR_2021,BSSR,2021,1,tinggi,2
BSSR_2022,BSSR,2022,1,netral,1
BSSR_2023,BSSR,2023,1,tinggi,2
CARE_2022,CARE,2022,1,netral,1
CARE_2023,CARE,2023,1,rendah,0
CASH_2022,CASH,2022,1,rendah,0
CASH_2023,CASH,2023,1,netral,1
CLAY_2021,CLAY,2021,1,rendah,0
CLAY_2022,CLAY,2022,1,rendah,0
COCO_2021,COCO,2021,1,rendah,0
COCO_2022,COCO,2022,1,tinggi,2
COCO_2023,COCO,2023,1,rendah,0
CPIN_2022,CPIN,2022,1,rendah,0
DFAM_2021,DFAM,2021,1,tinggi,2
DFAM_2022,DFAM,2022,1,rendah,0
DFAM_2023,DFAM,2023,1,rendah,0
EAST_2023,EAST,2023,1,netral,1
EDGE_2023,EDGE,2023,1,netral,1
ELTY_2021,ELTY,2021,1,netral,1
ELTY_2022,ELTY,2022,1,netral,1
ELTY_2023,ELTY,2023,1,rendah,0
ENRG_2021,ENRG,2021,1,tinggi,2
ENRG_2022,ENRG,2022,1,netral,1
ENRG_2023,ENRG,2023,1,netral,1
FILM_2021,FILM,2021,1,tinggi,2
FILM_2022,FILM,2022,1,tinggi,2
FILM_2023,FILM,2023,1,tinggi,2
GPRA_2021,GPRA,2021,1,tinggi,2
GPRA_2022,GPRA,2022,1,tinggi,2
GPRA_2023,GPRA,2023,1,rendah,0
HELI_2021,HELI,2021,1,netral,1
HELI_2022,HELI,2022,1,rendah,0
HELI_2023,HELI,2023,1,tinggi,2
INDX_2021,INDX,2021,1,tinggi,2
INDX_2022,INDX,2022,1,rendah,0
INDX_2023,INDX,2023,1,rendah,0
IRRA_2022,IRRA,2022,1,rendah,0
IRRA_2023,IRRA,2023,1,rendah,0
JECC_2022,JECC,2022,1,netral,1
JECC_2023,JECC,2023,1,rendah,0
KBAG_2022,KBAG,2022,1,netral,1
KBAG_2023,KBAG,2023,1,rendah,0
KBLV_2022,KBLV,2022,1,rendah,0
KBLV_2023,KBLV,2023,1,rendah,0
KONI_2021,KONI,2021,1,tinggi,2
KONI_2022,KONI,2022,1,rendah,0
KONI_2023,KONI,2023,1,rendah,0
LAND_2021,LAND,2021,1,tinggi,2
LAND_2022,LAND,2022,1,rendah,0
LAND_2023,LAND,2023,1,rendah,0
MAPB_2022,MAPB,2022,1,tinggi,2
MAPB_2023,MAPB,2023,1,rendah,0
MERK_2021,MERK,2021,1,tinggi,2
MERK_2022,MERK,2022,1,tinggi,2
MERK_2023,MERK,2023,1,rendah,0
MGRO_2021,MGRO,2021,1,tinggi,2
MGRO_2022,MGRO,2022,1,rendah,0
MGRO_2023,MGRO,2023,1,netral,1
MITI_2021,MITI,2021,1,tinggi,2
MITI_2022,MITI,2022,1,tinggi,2
MITI_2023,MITI,2023,1,rendah,0
MPMX_2021,MPMX,2021,1,tinggi,2
MPMX_2022,MPMX,2022,1,netral,1
MPMX_2023,MPMX,2023,1,netral,1
MPOW_2021,MPOW,2021,1,tinggi,2
MPOW_2022,MPOW,2022,1,rendah,0
MPOW_2023,MPOW,2023,1,rendah,0
NIRO_2023,NIRO,2023,1,netral,1
PAMG_2022,PAMG,2022,1,tinggi,2
PAMG_2023,PAMG,2023,1,rendah,0
PBSA_2021,PBSA,2021,1,tinggi,2
PBSA_2022,PBSA,2022,1,netral,1
PBSA_2023,PBSA,2023,1,netral,1
PPRE_2021,PPRE,2021,1,netral,1
PPRE_2022,PPRE,2022,1,rendah,0
PPRE_2023,PPRE,2023,1,rendah,0
PRDA_2021,PRDA,2021,1,tinggi,2
PRDA_2022,PRDA,2022,1,rendah,0
PRDA_2023,PRDA,2023,1,rendah,0
PSSI_2021,PSSI,2021,1,tinggi,2
PSSI_2022,PSSI,2022,1,netral,1
PSSI_2023,PSSI,2023,1,rendah,0
PWON_2021,PWON,2021,1,netral,1
PWON_2022,PWON,2022,1,netral,1
PWON_2023,PWON,2023,1,rendah,0
RALS_2021,RALS,2021,1,rendah,0
RALS_2022,RALS,2022,1,netral,1
RALS_2023,RALS,2023,1,rendah,0
SBAT_2022,SBAT,2022,1,netral,1
SCPI_2021,SCPI,2021,1,netral,1
SCPI_2023,SCPI,2023,1,netral,1
SIPD_2021,SIPD,2021,1,tinggi,2
SIPD_2022,SIPD,2022,1,rendah,0
SIPD_2023,SIPD,2023,1,netral,1
SKLT_2021,SKLT,2021,1,netral,1
SKLT_2022,SKLT,2022,1,tinggi,2
SKLT_2023,SKLT,2023,1,rendah,0
SMSM_2021,SMSM,2021,1,netral,1
SMSM_2022,SMSM,2022,1,tinggi,2
SMSM_2023,SMSM,2023,1,netral,1
SSIA_2021,SSIA,2021,1,rendah,0
SSIA_2022,SSIA,2022,1,tinggi,2
SSIA_2023,SSIA,2023,1,tinggi,2
SSTM_2021,SSTM,2021,1,tinggi,2
SSTM_2023,SSTM,2023,1,netral,1
SULI_2021,SULI,2021,1,netral,1
SULI_2022,SULI,2022,1,tinggi,2
SULI_2023,SULI,2023,1,rendah,0
TKIM_2021,TKIM,2021,1,rendah,0
TKIM_2022,TKIM,2022,1,netral,1
TKIM_2023,TKIM,2023,1,tinggi,2
TRIO_2021,TRIO,2021,1,netral,1
TRIO_2022,TRIO,2022,1,netral,1
TRIO_2023,TRIO,2023,1,netral,1
URBN_2021,URBN,2021,1,rendah,0
URBN_2022,URBN,2022,1,rendah,0
URBN_2023,URBN,2023,1,netral,1
VIVA_2021,VIVA,2021,1,rendah,0
VIVA_2022,VIVA,2022,1,netral,1
VIVA_2023,VIVA,2023,1,rendah,0
WICO_2021,WICO,2021,1,rendah,0
WICO_2022,WICO,2022,1,tinggi,2
WICO_2023,WICO,2023,1,rendah,0
YPAS_2021,YPAS,2021,1,tinggi,2
YPAS_2023,YPAS,2023,1,rendah,0
ADMG_2021,ADMG,2021,2,netral,1
ADMG_2022,ADMG,2022,2,rendah,0
ADMG_2023,ADMG,2023,2,rendah,0
AMIN_2021,AMIN,2021,2,rendah,0
AMIN_2022,AMIN,2022,2,rendah,0
AMIN_2023,AMIN,2023,2,tinggi,2
ASRI_2021,ASRI,2021,2,netral,1
ASRI_2022,ASRI,2022,2,netral,1
ASRI_2023,ASRI,2023,2,rendah,0
AUTO_2021,AUTO,2021,2,netral,1
AUTO_2022,AUTO,2022,2,tinggi,2
AUTO_2023,AUTO,2023,2,rendah,0
BIPP_2021,BIPP,2021,2,netral,1
BIPP_2022,BIPP,2022,2,netral,1
BIPP_2023,BIPP,2023,2,rendah,0
BOLT_2021,BOLT,2021,2,tinggi,2
BOLT_2022,BOLT,2022,2,rendah,0
BOLT_2023,BOLT,2023,2,tinggi,2
CASS_2021,CASS,2021,2,netral,1
CASS_2022,CASS,2022,2,tinggi,2
CASS_2023,CASS,2023,2,tinggi,2
CITA_2022,CITA,2022,2,rendah,0
CITA_2023,CITA,2023,2,rendah,0
CLPI_2021,CLPI,2021,2,tinggi,2
CLPI_2022,CLPI,2022,2,netral,1
CLPI_2023,CLPI,2023,2,tinggi,2
CMNP_2021,CMNP,2021,2,tinggi,2
CMNP_2023,CMNP,2023,2,rendah,0
CPRO_2021,CPRO,2021,2,tinggi,2
CPRO_2022,CPRO,2022,2,rendah,0
CPRO_2023,CPRO,2023,2,netral,1
CSMI_2022,CSMI,2022,2,netral,1
CSMI_2023,CSMI,2023,2,netral,1
CSRA_2022,CSRA,2022,2,rendah,0
CSRA_2023,CSRA,2023,2,tinggi,2
DAYA_2021,DAYA,2021,2,netral,1
DAYA_2022,DAYA,2022,2,rendah,0
DAYA_2023,DAYA,2023,2,tinggi,2
DOID_2021,DOID,2021,2,netral,1
DOID_2022,DOID,2022,2,netral,1
DOID_2023,DOID,2023,2,tinggi,2
DYAN_2021,DYAN,2021,2,tinggi,2
DYAN_2022,DYAN,2022,2,tinggi,2
DYAN_2023,DYAN,2023,2,rendah,0
FITT_2021,FITT,2021,2,tinggi,2
FITT_2022,FITT,2022,2,tinggi,2
FITT_2023,FITT,2023,2,rendah,0
GJTL_2021,GJTL,2021,2,netral,1
GJTL_2022,GJTL,2022,2,tinggi,2
GJTL_2023,GJTL,2023,2,tinggi,2
GMFI_2021,GMFI,2021,2,netral,1
GMFI_2022,GMFI,2022,2,rendah,0
GMFI_2023,GMFI,2023,2,netral,1
HEAL_2021,HEAL,2021,2,tinggi,2
HEAL_2022,HEAL,2022,2,rendah,0
HEAL_2023,HEAL,2023,2,netral,1
IGAR_2021,IGAR,2021,2,tinggi,2
IGAR_2022,IGAR,2022,2,rendah,0
IGAR_2023,IGAR,2023,2,tinggi,2
JRPT_2021,JRPT,2021,2,netral,1
JRPT_2022,JRPT,2022,2,tinggi,2
JRPT_2023,JRPT,2023,2,tinggi,2
JSKY_2021,JSKY,2021,2,rendah,0
KBLM_2021,KBLM,2021,2,tinggi,2
KBLM_2022,KBLM,2022,2,netral,1
KBLM_2023,KBLM,2023,2,netral,1
KICI_2021,KICI,2021,2,rendah,0
KICI_2022,KICI,2022,2,rendah,0
KICI_2023,KICI,2023,2,rendah,0
KREN_2021,KREN,2021,2,rendah,0
KREN_2022,KREN,2022,2,netral,1
KREN_2023,KREN,2023,2,rendah,0
LINK_2021,LINK,2021,2,netral,1
LINK_2022,LINK,2022,2,rendah,0
LINK_2023,LINK,2023,2,rendah,0
LION_2021,LION,2021,2,netral,1
LION_2022,LION,2022,2,tinggi,2
LION_2023,LION,2023,2,rendah,0
LTLS_2021,LTLS,2021,2,tinggi,2
LTLS_2022,LTLS,2022,2,netral,1
LTLS_2023,LTLS,2023,2,netral,1
MAPI_2021,MAPI,2021,2,tinggi,2
MAPI_2022,MAPI,2022,2,tinggi,2
MAPI_2023,MAPI,2023,2,rendah,0
MDKA_2021,MDKA,2021,2,tinggi,2
MDKA_2022,MDKA,2022,2,rendah,0
MDKA_2023,MDKA,2023,2,rendah,0
MGNA_2021,MGNA,2021,2,netral,1
MGNA_2022,MGNA,2022,2,netral,1
MGNA_2023,MGNA,2023,2,rendah,0
MIDI_2021,MIDI,2021,2,tinggi,2
MIDI_2022,MIDI,2022,2,tinggi,2
MIDI_2023,MIDI,2023,2,netral,1
MPRO_2021,MPRO,2021,2,tinggi,2
MPRO_2022,MPRO,2022,2,tinggi,2
MPRO_2023,MPRO,2023,2,rendah,0
OMRE_2021,OMRE,2021,2,rendah,0
OMRE_2022,OMRE,2022,2,tinggi,2
OMRE_2023,OMRE,2023,2,rendah,0
PNGO_2023,PNGO,2023,2,netral,1
PNSE_2021,PNSE,2021,2,rendah,0
PNSE_2022,PNSE,2022,2,rendah,0
PNSE_2023,PNSE,2023,2,tinggi,2
PTSP_2021,PTSP,2021,2,rendah,0
PTSP_2023,PTSP,2023,2,rendah,0
PYFA_2021,PYFA,2021,2,netral,1
PYFA_2022,PYFA,2022,2,rendah,0
PYFA_2023,PYFA,2023,2,rendah,0
RBMS_2021,RBMS,2021,2,netral,1
RBMS_2022,RBMS,2022,2,netral,1
RBMS_2023,RBMS,2023,2,rendah,0
RONY_2022,RONY,2022,2,netral,1
RONY_2023,RONY,2023,2,rendah,0
SAPX_2021,SAPX,2021,2,netral,1
SAPX_2022,SAPX,2022,2,rendah,0
SAPX_2023,SAPX,2023,2,tinggi,2
SCMA_2021,SCMA,2021,2,rendah,0
SCMA_2022,SCMA,2022,2,rendah,0
SCMA_2023,SCMA,2023,2,rendah,0
SDPC_2021,SDPC,2021,2,rendah,0
SDPC_2022,SDPC,2022,2,netral,1
SDPC_2023,SDPC,2023,2,netral,1
SHIP_2021,SHIP,2021,2,tinggi,2
SHIP_2022,SHIP,2022,2,rendah,0
SHIP_2023,SHIP,2023,2,rendah,0
SILO_2021,SILO,2021,2,netral,1
SILO_2022,SILO,2022,2,tinggi,2
SILO_2023,SILO,2023,2,tinggi,2
SKBM_2021,SKBM,2021,2,tinggi,2
SKBM_2022,SKBM,2022,2,rendah,0
SKBM_2023,SKBM,2023,2,rendah,0
SMRA_2021,SMRA,2021,2,rendah,0
SMRA_2022,SMRA,2022,2,tinggi,2
SMRA_2023,SMRA,2023,2,rendah,0
SQMI_2021,SQMI,2021,2,rendah,0
SQMI_2022,SQMI,2022,2,rendah,0
SQMI_2023,SQMI,2023,2,netral,1
STTP_2021,STTP,2021,2,netral,1
SWAT_2022,SWAT,2022,2,rendah,0
SWAT_2023,SWAT,2023,2,rendah,0
TCPI_2021,TCPI,2021,2,tinggi,2
TCPI_2022,TCPI,2022,2,rendah,0
TCPI_2023,TCPI,2023,2,netral,1
TELE_2021,TELE,2021,2,rendah,0
TELE_2022,TELE,2022,2,netral,1
TELE_2023,TELE,2023,2,rendah,0
TINS_2021,TINS,2021,2,netral,1
TINS_2022,TINS,2022,2,rendah,0
TINS_2023,TINS,2023,2,netral,1
TRUE_2023,TRUE,2023,2,rendah,0
WIKA_2021,WIKA,2021,2,netral,1
WIKA_2022,WIKA,2022,2,rendah,0
WIKA_2023,WIKA,2023,2,rendah,0
AALI_2021,AALI,2021,3,tinggi,2
AALI_2022,AALI,2022,3,rendah,0
AALI_2023,AALI,2023,3,rendah,0
ADRO_2021,ADRO,2021,3,tinggi,2
ADRO_2022,ADRO,2022,3,rendah,0
ADRO_2023,ADRO,2023,3,tinggi,2
ARCI_2023,ARCI,2023,3,rendah,0
ARII_2021,ARII,2021,3,rendah,0
ARII_2022,ARII,2022,3,rendah,0
ARII_2023,ARII,2023,3,tinggi,2
ARTA_2021,ARTA,2021,3,tinggi,2
ARTA_2022,ARTA,2022,3,rendah,0
ARTA_2023,ARTA,2023,3,tinggi,2
ASGR_2021,ASGR,2021,3,tinggi,2
ASGR_2022,ASGR,2022,3,netral,1
ASGR_2023,ASGR,2023,3,rendah,0
ATIC_2021,ATIC,2021,3,rendah,0
ATIC_2022,ATIC,2022,3,netral,1
ATIC_2023,ATIC,2023,3,netral,1
BPTR_2021,BPTR,2021,3,tinggi,2
BPTR_2022,BPTR,2022,3,netral,1
BPTR_2023,BPTR,2023,3,rendah,0
BYAN_2021,BYAN,2021,3,tinggi,2
BYAN_2022,BYAN,2022,3,tinggi,2
BYAN_2023,BYAN,2023,3,netral,1
CITY_2021,CITY,2021,3,netral,1
CITY_2022,CITY,2022,3,rendah,0
CITY_2023,CITY,2023,3,netral,1
DIVA_2021,DIVA,2021,3,rendah,0
DIVA_2022,DIVA,2022,3,rendah,0
DIVA_2023,DIVA,2023,3,rendah,0
DMMX_2022,DMMX,2022,3,rendah,0
DMMX_2023,DMMX,2023,3,rendah,0
ERAA_2021,ERAA,2021,3,rendah,0
ERAA_2022,ERAA,2022,3,netral,1
ERAA_2023,ERAA,2023,3,rendah,0
ERTX_2021,ERTX,2021,3,netral,1
ERTX_2022,ERTX,2022,3,netral,1
FAPA_2023,FAPA,2023,3,netral,1
FAST_2021,FAST,2021,3,netral,1
FAST_2022,FAST,2022,3,rendah,0
FAST_2023,FAST,2023,3,rendah,0
GDST_2021,GDST,2021,3,netral,1
GDST_2022,GDST,2022,3,tinggi,2
GDST_2023,GDST,2023,3,netral,1
GDYR_2021,GDYR,2021,3,rendah,0
GDYR_2022,GDYR,2022,3,netral,1
GDYR_2023,GDYR,2023,3,netral,1
GLVA_2022,GLVA,2022,3,tinggi,2
GLVA_2023,GLVA,2023,3,rendah,0
GTBO_2021,GTBO,2021,3,netral,1
GTBO_2022,GTBO,2022,3,tinggi,2
GTBO_2023,GTBO,2023,3,tinggi,2
GWSA_2021,GWSA,2021,3,tinggi,2
GWSA_2022,GWSA,2022,3,netral,1
GWSA_2023,GWSA,2023,3,rendah,0
HOPE_2023,HOPE,2023,3,rendah,0
IDPR_2021,IDPR,2021,3,tinggi,2
IDPR_2022,IDPR,2022,3,rendah,0
IDPR_2023,IDPR,2023,3,netral,1
IMJS_2021,IMJS,2021,3,tinggi,2
IMJS_2022,IMJS,2022,3,netral,1
IMJS_2023,IMJS,2023,3,rendah,0
INTA_2021,INTA,2021,3,rendah,0
INTA_2022,INTA,2022,3,rendah,0
INTA_2023,INTA,2023,3,rendah,0
JGLE_2021,JGLE,2021,3,netral,1
JGLE_2022,JGLE,2022,3,netral,1
JGLE_2023,JGLE,2023,3,rendah,0
JKON_2021,JKON,2021,3,rendah,0
JKON_2022,JKON,2022,3,tinggi,2
JKON_2023,JKON,2023,3,rendah,0
KIJA_2021,KIJA,2021,3,netral,1
KIJA_2022,KIJA,2022,3,rendah,0
KIJA_2023,KIJA,2023,3,rendah,0
LMPI_2021,LMPI,2021,3,netral,1
LMPI_2022,LMPI,2022,3,rendah,0
LMPI_2023,LMPI,2023,3,rendah,0
LPPF_2021,LPPF,2021,3,tinggi,2
LPPF_2022,LPPF,2022,3,rendah,0
LPPF_2023,LPPF,2023,3,rendah,0
LUCK_2021,LUCK,2021,3,netral,1
LUCK_2022,LUCK,2022,3,rendah,0
LUCK_2023,LUCK,2023,3,rendah,0
MARI_2021,MARI,2021,3,rendah,0
MARI_2022,MARI,2022,3,rendah,0
MARI_2023,MARI,2023,3,rendah,0
MSKY_2021,MSKY,2021,3,rendah,0
MSKY_2022,MSKY,2022,3,rendah,0
MSKY_2023,MSKY,2023,3,rendah,0
MTLA_2021,MTLA,2021,3,rendah,0
MTLA_2022,MTLA,2022,3,tinggi,2
MTLA_2023,MTLA,2023,3,netral,1
MYOR_2021,MYOR,2021,3,netral,1
MYOR_2022,MYOR,2022,3,tinggi,2
MYOR_2023,MYOR,2023,3,netral,1
POLL_2021,POLL,2021,3,rendah,0
POLL_2022,POLL,2022,3,rendah,0
POLL_2023,POLL,2023,3,rendah,0
PRAS_2021,PRAS,2021,3,tinggi,2
PRAS_2022,PRAS,2022,3,rendah,0
PSAB_2021,PSAB,2021,3,rendah,0
PSAB_2022,PSAB,2022,3,rendah,0
PSKT_2021,PSKT,2021,3,netral,1
PSKT_2022,PSKT,2022,3,netral,1
PSKT_2023,PSKT,2023,3,rendah,0
PTSN_2021,PTSN,2021,3,rendah,0
PTSN_2022,PTSN,2022,3,tinggi,2
PTSN_2023,PTSN,2023,3,netral,1
SCCO_2021,SCCO,2021,3,netral,1
SCCO_2022,SCCO,2022,3,netral,1
SCCO_2023,SCCO,2023,3,rendah,0
SIDO_2021,SIDO,2021,3,tinggi,2
SIDO_2022,SIDO,2022,3,rendah,0
SIDO_2023,SIDO,2023,3,netral,1
SONA_2021,SONA,2021,3,rendah,0
SONA_2022,SONA,2022,3,rendah,0
SONA_2023,SONA,2023,3,rendah,0
SURE_2021,SURE,2021,3,netral,1
SURE_2022,SURE,2022,3,netral,1
SURE_2023,SURE,2023,3,tinggi,2
TALF_2021,TALF,2021,3,tinggi,2
TALF_2022,TALF,2022,3,rendah,0
TALF_2023,TALF,2023,3,tinggi,2
TEBE_2022,TEBE,2022,3,netral,1
TEBE_2023,TEBE,2023,3,netral,1
TIRT_2021,TIRT,2021,3,netral,1
TIRT_2022,TIRT,2022,3,netral,1
TIRT_2023,TIRT,2023,3,rendah,0
TMAS_2022,TMAS,2022,3,netral,1
TMAS_2023,TMAS,2023,3,rendah,0
TOTO_2021,TOTO,2021,3,tinggi,2
TOTO_2022,TOTO,2022,3,rendah,0
TOTO_2023,TOTO,2023,3,rendah,0
TOWR_2021,TOWR,2021,3,rendah,0
TOWR_2022,TOWR,2022,3,netral,1
TOWR_2023,TOWR,2023,3,rendah,0
TOYS_2023,TOYS,2023,3,rendah,0
TPIA_2021,TPIA,2021,3,netral,1
TPIA_2022,TPIA,2022,3,netral,1
TPIA_2023,TPIA,2023,3,tinggi,2
UFOE_2023,UFOE,2023,3,netral,1
UNIQ_2023,UNIQ,2023,3,tinggi,2
UNSP_2021,UNSP,2021,3,tinggi,2
UNSP_2022,UNSP,2022,3,rendah,0
UNSP_2023,UNSP,2023,3,rendah,0
ZONE_2021,ZONE,2021,3,tinggi,2
ZONE_2022,ZONE,2022,3,rendah,0
ZONE_2023,ZONE,2023,3,netral,1
ABBA_2021,ABBA,2021,4,tinggi,2
ABBA_2022,ABBA,2022,4,rendah,0
ABBA_2023,ABBA,2023,4,rendah,0
ADHI_2021,ADHI,2021,4,netral,1
ADHI_2022,ADHI,2022,4,rendah,0
ADHI_2023,ADHI,2023,4,rendah,0
ALKA_2021,ALKA,2021,4,tinggi,2
ALKA_2022,ALKA,2022,4,tinggi,2
ALKA_2023,ALKA,2023,4,rendah,0
ALTO_2021,ALTO,2021,4,rendah,0
ALTO_2022,ALTO,2022,4,rendah,0
ALTO_2023,ALTO,2023,4,rendah,0
AMFG_2021,AMFG,2021,4,tinggi,2
AMFG_2022,AMFG,2022,4,netral,1
AMFG_2023,AMFG,2023,4,rendah,0
AMRT_2021,AMRT,2021,4,tinggi,2
AMRT_2022,AMRT,2022,4,tinggi,2
AMRT_2023,AMRT,2023,4,netral,1
ARNA_2021,ARNA,2021,4,tinggi,2
ARNA_2022,ARNA,2022,4,rendah,0
ARNA_2023,ARNA,2023,4,rendah,0
BMTR_2021,BMTR,2021,4,netral,1
BMTR_2022,BMTR,2022,4,netral,1
BMTR_2023,BMTR,2023,4,rendah,0
BNBR_2021,BNBR,2021,4,netral,1
BNBR_2022,BNBR,2022,4,rendah,0
BNBR_2023,BNBR,2023,4,rendah,0
BSDE_2021,BSDE,2021,4,netral,1
BSDE_2022,BSDE,2022,4,tinggi,2
BSDE_2023,BSDE,2023,4,rendah,0
BUVA_2021,BUVA,2021,4,netral,1
BUVA_2022,BUVA,2022,4,netral,1
BUVA_2023,BUVA,2023,4,netral,1
BWPT_2021,BWPT,2021,4,rendah,0
BWPT_2022,BWPT,2022,4,rendah,0
BWPT_2023,BWPT,2023,4,netral,1
CINT_2021,CINT,2021,4,tinggi,2
CINT_2022,CINT,2022,4,rendah,0
CINT_2023,CINT,2023,4,rendah,0
DART_2021,DART,2021,4,netral,1
DART_2022,DART,2022,4,rendah,0
DART_2023,DART,2023,4,rendah,0
ESSA_2021,ESSA,2021,4,tinggi,2
ESSA_2022,ESSA,2022,4,rendah,0
ESSA_2023,ESSA,2023,4,tinggi,2
GEMA_2021,GEMA,2021,4,netral,1
GEMA_2022,GEMA,2022,4,rendah,0
GEMA_2023,GEMA,2023,4,netral,1
ICBP_2021,ICBP,2021,4,tinggi,2
ICBP_2022,ICBP,2022,4,tinggi,2
ICBP_2023,ICBP,2023,4,netral,1
IFSH_2022,IFSH,2022,4,rendah,0
IFSH_2023,IFSH,2023,4,rendah,0
INDS_2021,INDS,2021,4,tinggi,2
INDS_2022,INDS,2022,4,netral,1
INDS_2023,INDS,2023,4,tinggi,2
INPP_2021,INPP,2021,4,rendah,0
INPP_2022,INPP,2022,4,tinggi,2
INPP_2023,INPP,2023,4,tinggi,2
INTP_2021,INTP,2021,4,netral,1
INTP_2022,INTP,2022,4,netral,1
INTP_2023,INTP,2023,4,rendah,0
IPCC_2021,IPCC,2021,4,tinggi,2
IPCC_2023,IPCC,2023,4,rendah,0
IPOL_2021,IPOL,2021,4,netral,1
IPOL_2022,IPOL,2022,4,netral,1
IPOL_2023,IPOL,2023,4,netral,1
JKSW_2021,JKSW,2021,4,netral,1
JKSW_2022,JKSW,2022,4,netral,1
JKSW_2023,JKSW,2023,4,netral,1
KBLI_2022,KBLI,2022,4,netral,1
KBLI_2023,KBLI,2023,4,tinggi,2
KEEN_2022,KEEN,2022,4,tinggi,2
KEEN_2023,KEEN,2023,4,netral,1
KLBF_2021,KLBF,2021,4,tinggi,2
KLBF_2022,KLBF,2022,4,tinggi,2
KLBF_2023,KLBF,2023,4,rendah,0
KOBX_2021,KOBX,2021,4,tinggi,2
KOBX_2022,KOBX,2022,4,rendah,0
KOBX_2023,KOBX,2023,4,rendah,0
LAPD_2021,LAPD,2021,4,netral,1
LAPD_2023,LAPD,2023,4,rendah,0
LPCK_2021,LPCK,2021,4,netral,1
LPCK_2022,LPCK,2022,4,netral,1
LPCK_2023,LPCK,2023,4,rendah,0
MCAS_2021,MCAS,2021,4,tinggi,2
MCAS_2022,MCAS,2022,4,rendah,0
MCAS_2023,MCAS,2023,4,rendah,0
MDIA_2021,MDIA,2021,4,rendah,0
MDIA_2022,MDIA,2022,4,netral,1
MDIA_2023,MDIA,2023,4,rendah,0
MDLN_2021,MDLN,2021,4,tinggi,2
MDLN_2022,MDLN,2022,4,rendah,0
MDLN_2023,MDLN,2023,4,rendah,0
MIKA_2021,MIKA,2021,4,netral,1
MIKA_2022,MIKA,2022,4,netral,1
MIKA_2023,MIKA,2023,4,tinggi,2
MYOH_2021,MYOH,2021,4,tinggi,2
MYOH_2022,MYOH,2022,4,netral,1
MYOH_2023,MYOH,2023,4,netral,1
NFCX_2021,NFCX,2021,4,tinggi,2
NFCX_2022,NFCX,2022,4,rendah,0
NFCX_2023,NFCX,2023,4,rendah,0
OASA_2022,OASA,2022,4,tinggi,2
OASA_2023,OASA,2023,4,rendah,0
OPMS_2022,OPMS,2022,4,rendah,0
OPMS_2023,OPMS,2023,4,netral,1
PEHA_2021,PEHA,2021,4,rendah,0
PEHA_2022,PEHA,2022,4,rendah,0
PEHA_2023,PEHA,2023,4,rendah,0
PGUN_2023,PGUN,2023,4,rendah,0
PMJS_2022,PMJS,2022,4,netral,1
PMJS_2023,PMJS,2023,4,rendah,0
PPGL_2023,PPGL,2023,4,rendah,0
PURA_2022,PURA,2022,4,netral,1
PURA_2023,PURA,2023,4,rendah,0
RANC_2021,RANC,2021,4,tinggi,2
RANC_2022,RANC,2022,4,rendah,0
RANC_2023,RANC,2023,4,rendah,0
REAL_2023,REAL,2023,4,rendah,0
RODA_2021,RODA,2021,4,netral,1
RODA_2022,RODA,2022,4,rendah,0
RODA_2023,RODA,2023,4,rendah,0
SAMF_2022,SAMF,2022,4,tinggi,2
SAMF_2023,SAMF,2023,4,netral,1
SMDR_2023,SMDR,2023,4,rendah,0
SNLK_2023,SNLK,2023,4,rendah,0
TAMU_2021,TAMU,2021,4,netral,1
TAMU_2022,TAMU,2022,4,rendah,0
TAMU_2023,TAMU,2023,4,rendah,0
TBLA_2021,TBLA,2021,4,netral,1
TBLA_2022,TBLA,2022,4,rendah,0
TBLA_2023,TBLA,2023,4,rendah,0
TNCA_2021,TNCA,2021,4,tinggi,2
TNCA_2023,TNCA,2023,4,rendah,0
TOTL_2021,TOTL,2021,4,netral,1
TOTL_2022,TOTL,2022,4,netral,1
TOTL_2023,TOTL,2023,4,tinggi,2
TRST_2021,TRST,2021,4,tinggi,2
TRST_2022,TRST,2022,4,netral,1
TRST_2023,TRST,2023,4,rendah,0
WINS_2021,WINS,2021,4,tinggi,2
WINS_2022,WINS,2022,4,tinggi,2
WINS_2023,WINS,2023,4,tinggi,2
ZINC_2021,ZINC,2021,4,rendah,0
ZINC_2022,ZINC,2022,4,rendah,0
ZINC_2023,ZINC,2023,4,rendah,0
AKKU_2021,AKKU,2021,5,netral,1
AKKU_2022,AKKU,2022,5,netral,1
AKKU_2023,AKKU,2023,5,rendah,0
AKSI_2021,AKSI,2021,5,rendah,0
AKSI_2022,AKSI,2022,5,rendah,0
AKSI_2023,AKSI,2023,5,rendah,0
BAPA_2021,BAPA,2021,5,tinggi,2
BAPA_2022,BAPA,2022,5,rendah,0
BAPA_2023,BAPA,2023,5,rendah,0
BLTZ_2021,BLTZ,2021,5,rendah,0
BLTZ_2022,BLTZ,2022,5,rendah,0
BLTZ_2023,BLTZ,2023,5,netral,1
BTON_2021,BTON,2021,5,rendah,0
BTON_2022,BTON,2022,5,tinggi,2
BTON_2023,BTON,2023,5,netral,1
CEKA_2021,CEKA,2021,5,tinggi,2
CEKA_2022,CEKA,2022,5,rendah,0
CEKA_2023,CEKA,2023,5,netral,1
CLEO_2021,CLEO,2021,5,tinggi,2
CLEO_2022,CLEO,2022,5,tinggi,2
CLEO_2023,CLEO,2023,5,tinggi,2
CNKO_2021,CNKO,2021,5,netral,1
CNKO_2022,CNKO,2022,5,netral,1
CNKO_2023,CNKO,2023,5,rendah,0
CNTX_2021,CNTX,2021,5,netral,1
CNTX_2022,CNTX,2022,5,rendah,0
CNTX_2023,CNTX,2023,5,tinggi,2
DADA_2022,DADA,2022,5,netral,1
DADA_2023,DADA,2023,5,rendah,0
DEWA_2021,DEWA,2021,5,netral,1
DEWA_2022,DEWA,2022,5,netral,1
DEWA_2023,DEWA,2023,5,tinggi,2
DGNS_2023,DGNS,2023,5,netral,1
DMND_2022,DMND,2022,5,netral,1
DMND_2023,DMND,2023,5,rendah,0
ESTI_2022,ESTI,2022,5,rendah,0
ESTI_2023,ESTI,2023,5,rendah,0
GEMS_2021,GEMS,2021,5,tinggi,2
GEMS_2022,GEMS,2022,5,netral,1
GEMS_2023,GEMS,2023,5,tinggi,2
GMTD_2021,GMTD,2021,5,rendah,0
GMTD_2022,GMTD,2022,5,netral,1
GMTD_2023,GMTD,2023,5,tinggi,2
HDTX_2022,HDTX,2022,5,netral,1
HDTX_2023,HDTX,2023,5,netral,1
HMSP_2021,HMSP,2021,5,rendah,0
HMSP_2022,HMSP,2022,5,netral,1
HMSP_2023,HMSP,2023,5,rendah,0
HOMI_2023,HOMI,2023,5,rendah,0
HRME_2021,HRME,2021,5,rendah,0
HRME_2022,HRME,2022,5,netral,1
HRME_2023,HRME,2023,5,rendah,0
HRTA_2021,HRTA,2021,5,netral,1
HRTA_2022,HRTA,2022,5,tinggi,2
HRTA_2023,HRTA,2023,5,rendah,0
IATA_2021,IATA,2021,5,tinggi,2
IATA_2022,IATA,2022,5,rendah,0
ICON_2021,ICON,2021,5,rendah,0
ICON_2022,ICON,2022,5,rendah,0
ICON_2023,ICON,2023,5,rendah,0
IIKP_2021,IIKP,2021,5,netral,1
INAI_2021,INAI,2021,5,netral,1
INAI_2022,INAI,2022,5,rendah,0
INAI_2023,INAI,2023,5,rendah,0
INCI_2021,INCI,2021,5,rendah,0
INCI_2022,INCI,2022,5,rendah,0
INCI_2023,INCI,2023,5,netral,1
INCO_2021,INCO,2021,5,tinggi,2
INCO_2022,INCO,2022,5,tinggi,2
INCO_2023,INCO,2023,5,rendah,0
INDF_2021,INDF,2021,5,tinggi,2
INDF_2022,INDF,2022,5,netral,1
INDF_2023,INDF,2023,5,rendah,0
INOV_2022,INOV,2022,5,rendah,0
INOV_2023,INOV,2023,5,rendah,0
JIHD_2021,JIHD,2021,5,rendah,0
JIHD_2022,JIHD,2022,5,tinggi,2
JIHD_2023,JIHD,2023,5,rendah,0
JPFA_2021,JPFA,2021,5,rendah,0
JPFA_2022,JPFA,2022,5,rendah,0
JPFA_2023,JPFA,2023,5,netral,1
JSMR_2021,JSMR,2021,5,netral,1
JSMR_2022,JSMR,2022,5,netral,1
JSMR_2023,JSMR,2023,5,tinggi,2
KKGI_2021,KKGI,2021,5,tinggi,2
KKGI_2022,KKGI,2022,5,netral,1
KKGI_2023,KKGI,2023,5,tinggi,2
KMTR_2021,KMTR,2021,5,rendah,0
KMTR_2022,KMTR,2022,5,netral,1
KOTA_2022,KOTA,2022,5,netral,1
KOTA_2023,KOTA,2023,5,rendah,0
LPKR_2021,LPKR,2021,5,rendah,0
LPKR_2022,LPKR,2022,5,rendah,0
LPKR_2023,LPKR,2023,5,rendah,0
MAIN_2021,MAIN,2021,5,rendah,0
MAIN_2022,MAIN,2022,5,rendah,0
MAIN_2023,MAIN,2023,5,tinggi,2
MARK_2021,MARK,2021,5,netral,1
MARK_2022,MARK,2022,5,rendah,0
MARK_2023,MARK,2023,5,tinggi,2
MDKI_2021,MDKI,2021,5,netral,1
MDKI_2022,MDKI,2022,5,netral,1
MDKI_2023,MDKI,2023,5,netral,1
MDRN_2021,MDRN,2021,5,netral,1
MDRN_2022,MDRN,2022,5,rendah,0
MDRN_2023,MDRN,2023,5,rendah,0
MKNT_2021,MKNT,2021,5,netral,1
MKNT_2022,MKNT,2022,5,rendah,0
MLBI_2021,MLBI,2021,5,tinggi,2
MLBI_2022,MLBI,2022,5,rendah,0
MLBI_2023,MLBI,2023,5,rendah,0
PBRX_2021,PBRX,2021,5,tinggi,2
PBRX_2022,PBRX,2022,5,rendah,0
PBRX_2023,PBRX,2023,5,rendah,0
PKPK_2021,PKPK,2021,5,tinggi,2
PKPK_2022,PKPK,2022,5,tinggi,2
PKPK_2023,PKPK,2023,5,tinggi,2
PMMP_2023,PMMP,2023,5,rendah,0
RUIS_2021,RUIS,2021,5,rendah,0
RUIS_2022,RUIS,2022,5,netral,1
RUIS_2023,RUIS,2023,5,rendah,0
SOHO_2023,SOHO,2023,5,tinggi,2
SPTO_2022,SPTO,2022,5,netral,1
SPTO_2023,SPTO,2023,5,rendah,0
SRSN_2021,SRSN,2021,5,netral,1
SRSN_2022,SRSN,2022,5,netral,1
SRSN_2023,SRSN,2023,5,netral,1
TARA_2021,TARA,2021,5,netral,1
TARA_2022,TARA,2022,5,rendah,0
TARA_2023,TARA,2023,5,rendah,0
TECH_2022,TECH,2022,5,rendah,0
TIRA_2021,TIRA,2021,5,rendah,0
TIRA_2022,TIRA,2022,5,netral,1
TIRA_2023,TIRA,2023,5,netral,1
ULTJ_2021,ULTJ,2021,5,netral,1
ULTJ_2022,ULTJ,2022,5,tinggi,2
ULTJ_2023,ULTJ,2023,5,netral,1
VOKS_2021,VOKS,2021,5,rendah,0
VOKS_2022,VOKS,2022,5,tinggi,2
VOKS_2023,VOKS,2023,5,netral,1
WIFI_2023,WIFI,2023,5,netral,1
WMUU_2023,WMUU,2023,5,rendah,0
WSBP_2021,WSBP,2021,5,rendah,0
WSBP_2022,WSBP,2022,5,rendah,0
WSBP_2023,WSBP,2023,5,rendah,0
YELO_2023,YELO,2023,5,rendah,0
ZBRA_2021,ZBRA,2021,5,rendah,0
ZBRA_2022,ZBRA,2022,5,rendah,0
ZBRA_2023,ZBRA,2023,5,rendah,0
ABMM_2021,ABMM,2021,6,tinggi,2
ABMM_2022,ABMM,2022,6,tinggi,2
ABMM_2023,ABMM,2023,6,tinggi,2
AKPI_2021,AKPI,2021,6,tinggi,2
AKPI_2022,AKPI,2022,6,rendah,0
AKPI_2023,AKPI,2023,6,rendah,0
AMAN_2022,AMAN,2022,6,rendah,0
AMAN_2023,AMAN,2023,6,rendah,0
BELL_2021,BELL,2021,6,tinggi,2
BELL_2022,BELL,2022,6,rendah,0
BELL_2023,BELL,2023,6,rendah,0
BHIT_2021,BHIT,2021,6,rendah,0
BHIT_2022,BHIT,2022,6,rendah,0
BHIT_2023,BHIT,2023,6,rendah,0
BLTA_2021,BLTA,2021,6,netral,1
BLTA_2022,BLTA,2022,6,netral,1
BLTA_2023,BLTA,2023,6,rendah,0
BTEK_2021,BTEK,2021,6,netral,1
BTEK_2022,BTEK,2022,6,netral,1
BTEK_2023,BTEK,2023,6,rendah,0
BULL_2021,BULL,2021,6,rendah,0
BULL_2022,BULL,2022,6,rendah,0
BULL_2023,BULL,2023,6,tinggi,2
CCSI_2021,CCSI,2021,6,tinggi,2
CCSI_2022,CCSI,2022,6,netral,1
CCSI_2023,CCSI,2023,6,rendah,0
CENT_2021,CENT,2021,6,rendah,0
CENT_2022,CENT,2022,6,rendah,0
CENT_2023,CENT,2023,6,rendah,0
CSAP_2021,CSAP,2021,6,tinggi,2
CSAP_2022,CSAP,2022,6,tinggi,2
CSAP_2023,CSAP,2023,6,rendah,0
DCII_2023,DCII,2023,6,netral,1
DGIK_2022,DGIK,2022,6,tinggi,2
DGIK_2023,DGIK,2023,6,rendah,0
DILD_2021,DILD,2021,6,rendah,0
DILD_2022,DILD,2022,6,tinggi,2
DILD_2023,DILD,2023,6,rendah,0
DSNG_2021,DSNG,2021,6,netral,1
DSNG_2022,DSNG,2022,6,netral,1
DSNG_2023,DSNG,2023,6,tinggi,2
DVLA_2021,DVLA,2021,6,netral,1
DVLA_2022,DVLA,2022,6,rendah,0
DVLA_2023,DVLA,2023,6,rendah,0
ELSA_2021,ELSA,2021,6,tinggi,2
ELSA_2022,ELSA,2022,6,tinggi,2
ELSA_2023,ELSA,2023,6,tinggi,2
ESIP_2022,ESIP,2022,6,rendah,0
ESIP_2023,ESIP,2023,6,rendah,0
FASW_2021,FASW,2021,6,rendah,0
FASW_2022,FASW,2022,6,rendah,0
FASW_2023,FASW,2023,6,netral,1
FIRE_2021,FIRE,2021,6,rendah,0
FIRE_2022,FIRE,2022,6,rendah,0
FIRE_2023,FIRE,2023,6,tinggi,2
GOLD_2021,GOLD,2021,6,rendah,0
GOLD_2022,GOLD,2022,6,tinggi,2
GOLD_2023,GOLD,2023,6,rendah,0
GOOD_2021,GOOD,2021,6,tinggi,2
GOOD_2022,GOOD,2022,6,netral,1
GOOD_2023,GOOD,2023,6,rendah,0
HEXA_2021,HEXA,2021,6,tinggi,2
HEXA_2022,HEXA,2022,6,netral,1
HEXA_2023,HEXA,2023,6,netral,1
HKMU_2021,HKMU,2021,6,rendah,0
HKMU_2022,HKMU,2022,6,netral,1
IMPC_2021,IMPC,2021,6,tinggi,2
IMPC_2022,IMPC,2022,6,tinggi,2
IMPC_2023,IMPC,2023,6,netral,1
INKP_2021,INKP,2021,6,netral,1
INKP_2022,INKP,2022,6,tinggi,2
INKP_2023,INKP,2023,6,netral,1
ITMA_2021,ITMA,2021,6,netral,1
ITMA_2022,ITMA,2022,6,netral,1
ITMA_2023,ITMA,2023,6,tinggi,2
ITMG_2021,ITMG,2021,6,tinggi,2
ITMG_2022,ITMG,2022,6,rendah,0
ITMG_2023,ITMG,2023,6,netral,1
JAST_2021,JAST,2021,6,netral,1
JAST_2022,JAST,2022,6,rendah,0
JAST_2023,JAST,2023,6,rendah,0
JAWA_2022,JAWA,2022,6,rendah,0
JAWA_2023,JAWA,2023,6,netral,1
JSPT_2021,JSPT,2021,6,netral,1
JSPT_2022,JSPT,2022,6,netral,1
JSPT_2023,JSPT,2023,6,tinggi,2
JTPE_2021,JTPE,2021,6,rendah,0
JTPE_2022,JTPE,2022,6,netral,1
JTPE_2023,JTPE,2023,6,netral,1
LABA_2023,LABA,2023,6,tinggi,2
MBTO_2021,MBTO,2021,6,rendah,0
MBTO_2022,MBTO,2022,6,netral,1
MBTO_2023,MBTO,2023,6,rendah,0
MFMI_2021,MFMI,2021,6,tinggi,2
MFMI_2022,MFMI,2022,6,netral,1
NASA_2021,NASA,2021,6,rendah,0
NASA_2022,NASA,2022,6,rendah,0
NASA_2023,NASA,2023,6,rendah,0
NATO_2021,NATO,2021,6,netral,1
NATO_2022,NATO,2022,6,rendah,0
NATO_2023,NATO,2023,6,rendah,0
NELY_2021,NELY,2021,6,tinggi,2
NELY_2022,NELY,2022,6,tinggi,2
NELY_2023,NELY,2023,6,tinggi,2
NRCA_2021,NRCA,2021,6,netral,1
NRCA_2022,NRCA,2022,6,netral,1
NRCA_2023,NRCA,2023,6,netral,1
OKAS_2021,OKAS,2021,6,rendah,0
OKAS_2022,OKAS,2022,6,tinggi,2
OKAS_2023,OKAS,2023,6,rendah,0
PDES_2021,PDES,2021,6,rendah,0
PDES_2023,PDES,2023,6,netral,1
PORT_2021,PORT,2021,6,rendah,0
PORT_2022,PORT,2022,6,tinggi,2
PORT_2023,PORT,2023,6,rendah,0
POWR_2021,POWR,2021,6,netral,1
POWR_2022,POWR,2022,6,netral,1
POWR_2023,POWR,2023,6,netral,1
PTDU_2023,PTDU,2023,6,rendah,0
PTRO_2021,PTRO,2021,6,tinggi,2
PTRO_2022,PTRO,2022,6,tinggi,2
PTRO_2023,PTRO,2023,6,tinggi,2
PUDP_2021,PUDP,2021,6,tinggi,2
PUDP_2022,PUDP,2022,6,tinggi,2
PUDP_2023,PUDP,2023,6,rendah,0
PURI_2023,PURI,2023,6,rendah,0
RICY_2021,RICY,2021,6,tinggi,2
RICY_2022,RICY,2022,6,netral,1
RICY_2023,RICY,2023,6,rendah,0
SAME_2021,SAME,2021,6,rendah,0
SAME_2022,SAME,2022,6,rendah,0
SAME_2023,SAME,2023,6,rendah,0
SGRO_2021,SGRO,2021,6,tinggi,2
SGRO_2022,SGRO,2022,6,netral,1
SGRO_2023,SGRO,2023,6,netral,1
SIMP_2021,SIMP,2021,6,netral,1
SIMP_2022,SIMP,2022,6,rendah,0
SIMP_2023,SIMP,2023,6,rendah,0
SMCB_2021,SMCB,2021,6,rendah,0
SMCB_2022,SMCB,2022,6,rendah,0
SMCB_2023,SMCB,2023,6,rendah,0
SOCI_2021,SOCI,2021,6,netral,1
SOCI_2022,SOCI,2022,6,netral,1
SOCI_2023,SOCI,2023,6,rendah,0
SOFA_2023,SOFA,2023,6,netral,1
SRAJ_2021,SRAJ,2021,6,rendah,0
SRAJ_2022,SRAJ,2022,6,tinggi,2
SRAJ_2023,SRAJ,2023,6,tinggi,2
TAXI_2021,TAXI,2021,6,netral,1
TAXI_2022,TAXI,2022,6,netral,1
TAXI_2023,TAXI,2023,6,rendah,0
TBMS_2021,TBMS,2021,6,tinggi,2
TBMS_2022,TBMS,2022,6,rendah,0
TBMS_2023,TBMS,2023,6,tinggi,2
TOBA_2021,TOBA,2021,6,tinggi,2
TOBA_2022,TOBA,2022,6,rendah,0
TOBA_2023,TOBA,2023,6,rendah,0
UNTR_2021,UNTR,2021,6,tinggi,2
UNTR_2022,UNTR,2022,6,rendah,0
WSKT_2021,WSKT,2021,6,rendah,0
WSKT_2022,WSKT,2022,6,rendah,0
WSKT_2023,WSKT,2023,6,netral,1
ADES_2021,ADES,2021,7,tinggi,2
ADES_2022,ADES,2022,7,tinggi,2
ADES_2023,ADES,2023,7,tinggi,2
AIMS_2021,AIMS,2021,7,rendah,0
AIMS_2023,AIMS,2023,7,tinggi,2
AISA_2021,AISA,2021,7,rendah,0
AISA_2022,AISA,2022,7,netral,1
AISA_2023,AISA,2023,7,rendah,0
ANTM_2021,ANTM,2021,7,rendah,0
ANTM_2022,ANTM,2022,7,netral,1
ANTM_2023,ANTM,2023,7,rendah,0
BAYU_2021,BAYU,2021,7,netral,1
BAYU_2022,BAYU,2022,7,rendah,0
BAYU_2023,BAYU,2023,7,tinggi,2
BBRM_2021,BBRM,2021,7,rendah,0
BBRM_2023,BBRM,2023,7,netral,1
BCIP_2021,BCIP,2021,7,netral,1
BCIP_2022,BCIP,2022,7,tinggi,2
BCIP_2023,BCIP,2023,7,rendah,0
BIMA_2021,BIMA,2021,7,tinggi,2
BIMA_2022,BIMA,2022,7,rendah,0
BIMA_2023,BIMA,2023,7,netral,1
BKDP_2021,BKDP,2021,7,tinggi,2
BKDP_2022,BKDP,2022,7,rendah,0
BKDP_2023,BKDP,2023,7,netral,1
BOGA_2021,BOGA,2021,7,netral,1
BOGA_2022,BOGA,2022,7,rendah,0
BOGA_2023,BOGA,2023,7,rendah,0
CAMP_2021,CAMP,2021,7,tinggi,2
CAMP_2022,CAMP,2022,7,tinggi,2
CAMP_2023,CAMP,2023,7,netral,1
DPNS_2021,DPNS,2021,7,tinggi,2
DPNS_2022,DPNS,2022,7,tinggi,2
DPNS_2023,DPNS,2023,7,netral,1
ECII_2021,ECII,2021,7,rendah,0
ECII_2022,ECII,2022,7,rendah,0
ECII_2023,ECII,2023,7,rendah,0
ENZO_2023,ENZO,2023,7,rendah,0
FIMP_2023,FIMP,2023,7,rendah,0
FISH_2021,FISH,2021,7,tinggi,2
FISH_2022,FISH,2022,7,rendah,0
FISH_2023,FISH,2023,7,netral,1
GAMA_2021,GAMA,2021,7,netral,1
HRUM_2021,HRUM,2021,7,tinggi,2
HRUM_2022,HRUM,2022,7,netral,1
HRUM_2023,HRUM,2023,7,rendah,0
IBFN_2021,IBFN,2021,7,rendah,0
IBFN_2022,IBFN,2022,7,rendah,0
IBFN_2023,IBFN,2023,7,rendah,0
IBST_2021,IBST,2021,7,tinggi,2
IBST_2022,IBST,2022,7,rendah,0
IBST_2023,IBST,2023,7,netral,1
IKAI_2021,IKAI,2021,7,netral,1
IKAI_2022,IKAI,2022,7,netral,1
IKAI_2023,IKAI,2023,7,rendah,0
IMAS_2021,IMAS,2021,7,netral,1
IMAS_2022,IMAS,2022,7,tinggi,2
IMAS_2023,IMAS,2023,7,rendah,0
INAF_2021,INAF,2021,7,rendah,0
INAF_2022,INAF,2022,7,rendah,0
INAF_2023,INAF,2023,7,rendah,0
INDY_2021,INDY,2021,7,tinggi,2
INDY_2022,INDY,2022,7,rendah,0
INDY_2023,INDY,2023,7,rendah,0
ISSP_2021,ISSP,2021,7,tinggi,2
ISSP_2022,ISSP,2022,7,rendah,0
ISSP_2023,ISSP,2023,7,netral,1
JAYA_2021,JAYA,2021,7,tinggi,2
JAYA_2022,JAYA,2022,7,netral,1
JAYA_2023,JAYA,2023,7,rendah,0
KOIN_2021,KOIN,2021,7,netral,1
KOIN_2022,KOIN,2022,7,rendah,0
KOIN_2023,KOIN,2023,7,rendah,0
KOPI_2021,KOPI,2021,7,netral,1
KOPI_2022,KOPI,2022,7,rendah,0
KOPI_2023,KOPI,2023,7,rendah,0
KPIG_2021,KPIG,2021,7,rendah,0
KPIG_2022,KPIG,2022,7,rendah,0
KPIG_2023,KPIG,2023,7,rendah,0
LPLI_2021,LPLI,2021,7,rendah,0
LPLI_2022,LPLI,2022,7,netral,1
LPLI_2023,LPLI,2023,7,rendah,0
MBAP_2021,MBAP,2021,7,tinggi,2
MBAP_2022,MBAP,2022,7,rendah,0
MBAP_2023,MBAP,2023,7,rendah,0
MICE_2021,MICE,2021,7,tinggi,2
MICE_2022,MICE,2022,7,tinggi,2
MICE_2023,MICE,2023,7,rendah,0
MIRA_2021,MIRA,2021,7,netral,1
MIRA_2022,MIRA,2022,7,rendah,0
MIRA_2023,MIRA,2023,7,rendah,0
MLIA_2021,MLIA,2021,7,tinggi,2
MLIA_2022,MLIA,2022,7,rendah,0
MLIA_2023,MLIA,2023,7,rendah,0
MRAT_2021,MRAT,2021,7,rendah,0
MRAT_2022,MRAT,2022,7,tinggi,2
MRAT_2023,MRAT,2023,7,rendah,0
MYTX_2021,MYTX,2021,7,rendah,0
MYTX_2022,MYTX,2022,7,tinggi,2
MYTX_2023,MYTX,2023,7,rendah,0
NZIA_2022,NZIA,2022,7,tinggi,2
NZIA_2023,NZIA,2023,7,rendah,0
PANI_2022,PANI,2022,7,tinggi,2
PANI_2023,PANI,2023,7,tinggi,2
PICO_2023,PICO,2023,7,rendah,0
POLI_2021,POLI,2021,7,rendah,0
POLI_2022,POLI,2022,7,rendah,0
POLI_2023,POLI,2023,7,rendah,0
POLY_2022,POLY,2022,7,netral,1
POLY_2023,POLY,2023,7,rendah,0
PSDN_2021,PSDN,2021,7,rendah,0
PSDN_2023,PSDN,2023,7,netral,1
PSGO_2022,PSGO,2022,7,rendah,0
PSGO_2023,PSGO,2023,7,netral,1
PTBA_2021,PTBA,2021,7,tinggi,2
PTBA_2022,PTBA,2022,7,rendah,0
PTBA_2023,PTBA,2023,7,netral,1
PTPP_2021,PTPP,2021,7,netral,1
PTPP_2022,PTPP,2022,7,rendah,0
PTPP_2023,PTPP,2023,7,rendah,0
PTPW_2022,PTPW,2022,7,netral,1
PTPW_2023,PTPW,2023,7,rendah,0
RISE_2021,RISE,2021,7,tinggi,2
RISE_2022,RISE,2022,7,tinggi,2
RISE_2023,RISE,2023,7,netral,1
SAFE_2021,SAFE,2021,7,tinggi,2
SAFE_2022,SAFE,2022,7,netral,1
SAFE_2023,SAFE,2023,7,tinggi,2
SCNP_2023,SCNP,2023,7,rendah,0
SDMU_2021,SDMU,2021,7,tinggi,2
SDMU_2022,SDMU,2022,7,rendah,0
SDMU_2023,SDMU,2023,7,rendah,0
SMDM_2021,SMDM,2021,7,tinggi,2
SMDM_2022,SMDM,2022,7,netral,1
SMDM_2023,SMDM,2023,7,netral,1
SMMT_2021,SMMT,2021,7,tinggi,2
SMMT_2022,SMMT,2022,7,netral,1
SMMT_2023,SMMT,2023,7,rendah,0
SMRU_2021,SMRU,2021,7,netral,1
SMRU_2022,SMRU,2022,7,netral,1
SMRU_2023,SMRU,2023,7,netral,1
SSMS_2021,SSMS,2021,7,tinggi,2
SSMS_2022,SSMS,2022,7,netral,1
SSMS_2023,SSMS,2023,7,rendah,0
TBIG_2021,TBIG,2021,7,netral,1
TBIG_2022,TBIG,2022,7,rendah,0
TBIG_2023,TBIG,2023,7,netral,1
TLKM_2023,TLKM,2023,7,rendah,0
TRIN_2022,TRIN,2022,7,rendah,0
TRIN_2023,TRIN,2023,7,rendah,0
TRIS_2021,TRIS,2021,7,tinggi,2
TRIS_2022,TRIS,2022,7,tinggi,2
TRIS_2023,TRIS,2023,7,rendah,0
TSPC_2021,TSPC,2021,7,netral,1
TSPC_2022,TSPC,2022,7,tinggi,2
TSPC_2023,TSPC,2023,7,tinggi,2
WOWS_2022,WOWS,2022,7,netral,1
WOWS_2023,WOWS,2023,7,rendah,0
AGII_2021,AGII,2021,8,tinggi,2
AGII_2022,AGII,2022,8,rendah,0
AGII_2023,AGII,2023,8,netral,1
ALDO_2021,ALDO,2021,8,tinggi,2
ALDO_2022,ALDO,2022,8,rendah,0
ALDO_2023,ALDO,2023,8,tinggi,2
ARTI_2021,ARTI,2021,8,netral,1
ARTI_2022,ARTI,2022,8,netral,1
ARTI_2023,ARTI,2023,8,rendah,0
ASPI_2022,ASPI,2022,8,tinggi,2
ASPI_2023,ASPI,2023,8,tinggi,2
BAPI_2022,BAPI,2022,8,netral,1
BAPI_2023,BAPI,2023,8,netral,1
BIPI_2021,BIPI,2021,8,tinggi,2
BIPI_2022,BIPI,2022,8,tinggi,2
BIPI_2023,BIPI,2023,8,rendah,0
BOSS_2021,BOSS,2021,8,netral,1
BOSS_2022,BOSS,2022,8,netral,1
BUKK_2021,BUKK,2021,8,netral,1
BUKK_2022,BUKK,2022,8,netral,1
BUKK_2023,BUKK,2023,8,netral,1
CAKK_2021,CAKK,2021,8,tinggi,2
CAKK_2022,CAKK,2022,8,tinggi,2
CAKK_2023,CAKK,2023,8,rendah,0
CPRI_2021,CPRI,2021,8,netral,1
CTRA_2021,CTRA,2021,8,netral,1
CTRA_2022,CTRA,2022,8,tinggi,2
CTRA_2023,CTRA,2023,8,netral,1
DKFT_2021,DKFT,2021,8,rendah,0
DKFT_2022,DKFT,2022,8,rendah,0
DKFT_2023,DKFT,2023,8,netral,1
DMAS_2021,DMAS,2021,8,rendah,0
DMAS_2022,DMAS,2022,8,netral,1
DMAS_2023,DMAS,2023,8,netral,1
DPUM_2021,DPUM,2021,8,netral,1
DPUM_2022,DPUM,2022,8,netral,1
DPUM_2023,DPUM,2023,8,rendah,0
DSFI_2021,DSFI,2021,8,tinggi,2
DSFI_2022,DSFI,2022,8,rendah,0
DSFI_2023,DSFI,2023,8,rendah,0
EMDE_2021,EMDE,2021,8,rendah,0
EMDE_2022,EMDE,2022,8,rendah,0
EMDE_2023,EMDE,2023,8,rendah,0
FOOD_2021,FOOD,2021,8,netral,1
FOOD_2022,FOOD,2022,8,rendah,0
FOOD_2023,FOOD,2023,8,tinggi,2
FPNI_2021,FPNI,2021,8,tinggi,2
FPNI_2022,FPNI,2022,8,rendah,0
FPNI_2023,FPNI,2023,8,rendah,0
GLOB_2021,GLOB,2021,8,rendah,0
GLOB_2022,GLOB,2022,8,rendah,0
GLOB_2023,GLOB,2023,8,rendah,0
HADE_2021,HADE,2021,8,netral,1
HADE_2022,HADE,2022,8,rendah,0
HADE_2023,HADE,2023,8,rendah,0
HERO_2021,HERO,2021,8,tinggi,2
HERO_2022,HERO,2022,8,rendah,0
HERO_2023,HERO,2023,8,rendah,0
HITS_2021,HITS,2021,8,tinggi,2
HITS_2022,HITS,2022,8,rendah,0
HITS_2023,HITS,2023,8,rendah,0
IFII_2022,IFII,2022,8,tinggi,2
IFII_2023,IFII,2023,8,netral,1
INPS_2021,INPS,2021,8,rendah,0
INPS_2022,INPS,2022,8,rendah,0
INPS_2023,INPS,2023,8,rendah,0
IPCM_2021,IPCM,2021,8,tinggi,2
IPCM_2022,IPCM,2022,8,netral,1
IPCM_2023,IPCM,2023,8,netral,1
ISAT_2021,ISAT,2021,8,netral,1
ISAT_2022,ISAT,2022,8,tinggi,2
ISAT_2023,ISAT,2023,8,tinggi,2
KDSI_2021,KDSI,2021,8,tinggi,2
KDSI_2022,KDSI,2022,8,tinggi,2
KDSI_2023,KDSI,2023,8,tinggi,2
KIAS_2021,KIAS,2021,8,netral,1
KIAS_2022,KIAS,2022,8,rendah,0
KIAS_2023,KIAS,2023,8,rendah,0
KINO_2021,KINO,2021,8,tinggi,2
KINO_2022,KINO,2022,8,rendah,0
KINO_2023,KINO,2023,8,netral,1
KMDS_2023,KMDS,2023,8,netral,1
KRAS_2021,KRAS,2021,8,rendah,0
KRAS_2022,KRAS,2022,8,rendah,0
KRAS_2023,KRAS,2023,8,rendah,0
LFLO_2023,LFLO,2023,8,netral,1
MBSS_2021,MBSS,2021,8,tinggi,2
MBSS_2022,MBSS,2022,8,tinggi,2
MBSS_2023,MBSS,2023,8,rendah,0
MINA_2021,MINA,2021,8,rendah,0
MINA_2022,MINA,2022,8,netral,1
MINA_2023,MINA,2023,8,rendah,0
MLPL_2021,MLPL,2021,8,rendah,0
MLPL_2022,MLPL,2022,8,rendah,0
MLPL_2023,MLPL,2023,8,rendah,0
MNCN_2021,MNCN,2021,8,netral,1
MNCN_2022,MNCN,2022,8,rendah,0
MNCN_2023,MNCN,2023,8,rendah,0
MOLI_2021,MOLI,2021,8,rendah,0
MOLI_2022,MOLI,2022,8,rendah,0
MOLI_2023,MOLI,2023,8,tinggi,2
MPPA_2021,MPPA,2021,8,rendah,0
MPPA_2022,MPPA,2022,8,rendah,0
MPPA_2023,MPPA,2023,8,rendah,0
MTFN_2022,MTFN,2022,8,netral,1
PBID_2021,PBID,2021,8,netral,1
PBID_2022,PBID,2022,8,netral,1
PBID_2023,PBID,2023,8,tinggi,2
PCAR_2021,PCAR,2021,8,rendah,0
PCAR_2022,PCAR,2022,8,rendah,0
PCAR_2023,PCAR,2023,8,netral,1
PGJO_2022,PGJO,2022,8,tinggi,2
PGJO_2023,PGJO,2023,8,netral,1
PJAA_2021,PJAA,2021,8,tinggi,2
PJAA_2022,PJAA,2022,8,tinggi,2
PJAA_2023,PJAA,2023,8,rendah,0
PLIN_2021,PLIN,2021,8,rendah,0
PLIN_2022,PLIN,2022,8,netral,1
PLIN_2023,PLIN,2023,8,tinggi,2
POLU_2021,POLU,2021,8,tinggi,2
POLU_2022,POLU,2022,8,rendah,0
POLU_2023,POLU,2023,8,tinggi,2
POSA_2021,POSA,2021,8,netral,1
POSA_2022,POSA,2022,8,netral,1
POSA_2023,POSA,2023,8,netral,1
ROTI_2021,ROTI,2021,8,netral,1
ROTI_2022,ROTI,2022,8,netral,1
ROTI_2023,ROTI,2023,8,rendah,0
SATU_2021,SATU,2021,8,tinggi,2
SATU_2022,SATU,2022,8,rendah,0
SATU_2023,SATU,2023,8,tinggi,2
SLIS_2022,SLIS,2022,8,rendah,0
SLIS_2023,SLIS,2023,8,rendah,0
SMBR_2021,SMBR,2021,8,rendah,0
SMBR_2022,SMBR,2022,8,rendah,0
SMBR_2023,SMBR,2023,8,rendah,0
TFAS_2022,TFAS,2022,8,rendah,0
TGKA_2021,TGKA,2021,8,netral,1
TGKA_2022,TGKA,2022,8,netral,1
TGKA_2023,TGKA,2023,8,netral,1
TRUK_2021,TRUK,2021,8,tinggi,2
TRUK_2022,TRUK,2022,8,rendah,0
TRUK_2023,TRUK,2023,8,rendah,0
UANG_2023,UANG,2023,8,tinggi,2
WTON_2021,WTON,2021,8,rendah,0
WTON_2022,WTON,2022,8,rendah,0
WTON_2023,WTON,2023,8,rendah,0
ACST_2021,ACST,2021,9,rendah,0
ACST_2022,ACST,2022,9,rendah,0
ACST_2023,ACST,2023,9,rendah,0
ANJT_2021,ANJT,2021,9,tinggi,2
ANJT_2022,ANJT,2022,9,rendah,0
APEX_2021,APEX,2021,9,rendah,0
APEX_2022,APEX,2022,9,rendah,0
APEX_2023,APEX,2023,9,rendah,0
ARKA_2022,ARKA,2022,9,netral,1
ARKA_2023,ARKA,2023,9,rendah,0
ASSA_2021,ASSA,2021,9,rendah,0
ASSA_2022,ASSA,2022,9,rendah,0
ASSA_2023,ASSA,2023,9,rendah,0
AYLS_2022,AYLS,2022,9,rendah,0
AYLS_2023,AYLS,2023,9,rendah,0
BALI_2022,BALI,2022,9,netral,1
BALI_2023,BALI,2023,9,tinggi,2
BIKA_2021,BIKA,2021,9,rendah,0
BIKA_2022,BIKA,2022,9,rendah,0
BIKA_2023,BIKA,2023,9,rendah,0
BIRD_2021,BIRD,2021,9,tinggi,2
BIRD_2022,BIRD,2022,9,tinggi,2
BIRD_2023,BIRD,2023,9,rendah,0
BRAM_2021,BRAM,2021,9,tinggi,2
BRAM_2022,BRAM,2022,9,rendah,0
BRAM_2023,BRAM,2023,9,rendah,0
CARS_2022,CARS,2022,9,tinggi,2
CARS_2023,CARS,2023,9,netral,1
CTTH_2021,CTTH,2021,9,netral,1
CTTH_2022,CTTH,2022,9,netral,1
CTTH_2023,CTTH,2023,9,rendah,0
DWGL_2021,DWGL,2021,9,tinggi,2
DWGL_2022,DWGL,2022,9,rendah,0
DWGL_2023,DWGL,2023,9,rendah,0
EKAD_2021,EKAD,2021,9,netral,1
EKAD_2022,EKAD,2022,9,netral,1
EKAD_2023,EKAD,2023,9,rendah,0
ENVY_2022,ENVY,2022,9,netral,1
ENVY_2023,ENVY,2023,9,netral,1
EPAC_2023,EPAC,2023,9,rendah,0
EPMT_2022,EPMT,2022,9,netral,1
EPMT_2023,EPMT,2023,9,rendah,0
EXCL_2021,EXCL,2021,9,netral,1
EXCL_2022,EXCL,2022,9,rendah,0
EXCL_2023,EXCL,2023,9,tinggi,2
FORU_2021,FORU,2021,9,tinggi,2
FORU_2022,FORU,2022,9,rendah,0
GGRM_2021,GGRM,2021,9,rendah,0
GGRM_2022,GGRM,2022,9,rendah,0
GGRM_2023,GGRM,2023,9,rendah,0
GHON_2021,GHON,2021,9,netral,1
GHON_2022,GHON,2022,9,rendah,0
GHON_2023,GHON,2023,9,netral,1
GIAA_2021,GIAA,2021,9,netral,1
GIAA_2022,GIAA,2022,9,rendah,0
GIAA_2023,GIAA,2023,9,rendah,0
GZCO_2021,GZCO,2021,9,tinggi,2
GZCO_2022,GZCO,2022,9,rendah,0
GZCO_2023,GZCO,2023,9,netral,1
HDIT_2022,HDIT,2022,9,rendah,0
HDIT_2023,HDIT,2023,9,rendah,0
HOKI_2021,HOKI,2021,9,rendah,0
HOKI_2022,HOKI,2022,9,rendah,0
HOKI_2023,HOKI,2023,9,tinggi,2
IKAN_2022,IKAN,2022,9,rendah,0
IKAN_2023,IKAN,2023,9,rendah,0
IKBI_2022,IKBI,2022,9,netral,1
IKBI_2023,IKBI,2023,9,tinggi,2
INCF_2021,INCF,2021,9,rendah,0
INCF_2022,INCF,2022,9,netral,1
INCF_2023,INCF,2023,9,rendah,0
INDO_2022,INDO,2022,9,netral,1
INDO_2023,INDO,2023,9,netral,1
IPTV_2022,IPTV,2022,9,rendah,0
IPTV_2023,IPTV,2023,9,rendah,0
KAEF_2021,KAEF,2021,9,rendah,0
KAEF_2022,KAEF,2022,9,rendah,0
KAEF_2023,KAEF,2023,9,rendah,0
LPIN_2021,LPIN,2021,9,tinggi,2
LPIN_2022,LPIN,2022,9,netral,1
LPIN_2023,LPIN,2023,9,rendah,0
META_2021,META,2021,9,netral,1
META_2022,META,2022,9,netral,1
META_2023,META,2023,9,tinggi,2
MKPI_2021,MKPI,2021,9,netral,1
MKPI_2022,MKPI,2022,9,tinggi,2
MKPI_2023,MKPI,2023,9,netral,1
MMLP_2021,MMLP,2021,9,rendah,0
MMLP_2022,MMLP,2022,9,netral,1
MMLP_2023,MMLP,2023,9,rendah,0
MTDL_2021,MTDL,2021,9,tinggi,2
MTDL_2022,MTDL,2022,9,rendah,0
MTDL_2023,MTDL,2023,9,netral,1
NIKL_2021,NIKL,2021,9,rendah,0
NIKL_2022,NIKL,2022,9,rendah,0
NIKL_2023,NIKL,2023,9,rendah,0
PGLI_2021,PGLI,2021,9,rendah,0
PGLI_2023,PGLI,2023,9,rendah,0
PPRO_2021,PPRO,2021,9,rendah,0
PPRO_2022,PPRO,2022,9,netral,1
PPRO_2023,PPRO,2023,9,rendah,0
PRIM_2021,PRIM,2021,9,rendah,0
PRIM_2022,PRIM,2022,9,rendah,0
PRIM_2023,PRIM,2023,9,rendah,0
PURE_2022,PURE,2022,9,netral,1
PURE_2023,PURE,2023,9,netral,1
PZZA_2021,PZZA,2021,9,rendah,0
PZZA_2022,PZZA,2022,9,rendah,0
PZZA_2023,PZZA,2023,9,rendah,0
RAJA_2021,RAJA,2021,9,tinggi,2
RAJA_2022,RAJA,2022,9,tinggi,2
RAJA_2023,RAJA,2023,9,tinggi,2
ROCK_2023,ROCK,2023,9,tinggi,2
SMKL_2022,SMKL,2022,9,rendah,0
SMKL_2023,SMKL,2023,9,rendah,0
SRIL_2021,SRIL,2021,9,netral,1
SRIL_2022,SRIL,2022,9,netral,1
SRIL_2023,SRIL,2023,9,netral,1
SUPR_2021,SUPR,2021,9,tinggi,2
SUPR_2022,SUPR,2022,9,netral,1
SUPR_2023,SUPR,2023,9,tinggi,2
TAMA_2023,TAMA,2023,9,rendah,0
TFCO_2021,TFCO,2021,9,netral,1
TFCO_2022,TFCO,2022,9,rendah,0
TFCO_2023,TFCO,2023,9,netral,1
TGRA_2021,TGRA,2021,9,rendah,0
TGRA_2022,TGRA,2022,9,rendah,0
TGRA_2023,TGRA,2023,9,rendah,0
TOPS_2021,TOPS,2021,9,netral,1
TOPS_2023,TOPS,2023,9,rendah,0
UCID_2022,UCID,2022,9,netral,1
UCID_2023,UCID,2023,9,rendah,0
UNIC_2021,UNIC,2021,9,tinggi,2
UNIC_2022,UNIC,2022,9,rendah,0
UNIC_2023,UNIC,2023,9,netral,1
UNVR_2021,UNVR,2021,9,netral,1
UNVR_2022,UNVR,2022,9,rendah,0
UNVR_2023,UNVR,2023,9,rendah,0
WIIM_2021,WIIM,2021,9,rendah,0
WIIM_2022,WIIM,2022,9,tinggi,2
WIIM_2023,WIIM,2023,9,rendah,0
BISI_2021,BISI,2021,99,tinggi,2
BISI_2022,BISI,2022,99,netral,1
MGLV_2023,MGLV,2023,99,tinggi,2
